TIENDA_ID,C,C_POND,DATASET,EXITO_DISC,EXITO_POND
1,0.05263157894736842,-0.004057300751879728,TRAIN,1,0
2,0.05263157894736842,0.030103698174006436,TRAIN,1,1
3,-0.05263157894736842,0.037164890440386684,TRAIN,0,1
4,0.05263157894736842,0.030531734693877554,TRAIN,1,1
5,-0.05263157894736842,0.01990107948442535,TRAIN,0,1
6,0.05263157894736842,0.01608538775510205,TRAIN,1,1
7,-0.05263157894736842,0.01143577443609023,TRAIN,0,1
8,-0.05263157894736842,0.03188009539473685,TRAIN,0,1
9,0.15789473684210525,0.01247930719656283,TRAIN,1,1
10,-0.2631578947368421,0.006825830043859645,TEST,0,1
11,0.05263157894736842,0.024054820622986053,TRAIN,1,1
12,0.15789473684210525,0.005613828141783017,TRAIN,1,1
13,0.3684210526315789,0.047841521929824576,TRAIN,1,1
14,-0.05263157894736842,0.042296315789473675,TRAIN,0,1
15,0.15789473684210525,0.023410001019991845,TRAIN,1,1
16,0.05263157894736842,0.025608629430719645,TRAIN,1,1
17,0.2631578947368421,0.03373258004385965,TRAIN,1,1
18,0.15789473684210525,0.06612442534908698,TRAIN,1,1
19,0.2631578947368421,0.03434039312567133,TRAIN,1,1
21,0.15789473684210525,0.016854883995703535,TRAIN,1,1
22,0.15789473684210525,0.01645939742212674,TRAIN,1,1
23,0.2631578947368421,0.009834349245206033,TRAIN,1,1
24,0.3684210526315789,0.017881779885760906,TRAIN,1,1
25,0.05263157894736842,-0.00198477741228077,TRAIN,1,0
26,-0.15789473684210525,-0.005622769736842106,TRAIN,0,0
27,-0.15789473684210525,0.006479826754385988,TRAIN,0,1
28,0.15789473684210525,0.016296080558539202,TRAIN,1,1
29,0.2631578947368421,-0.004094862301101571,TRAIN,1,0
30,0.15789473684210525,0.009975381578947395,TEST,1,1
31,0.05263157894736842,-0.005573751879699276,TRAIN,1,0
32,0.15789473684210525,-0.010988374865735772,TRAIN,1,0
33,-0.2631578947368421,0.0001872576754386077,TRAIN,0,1
34,-0.15789473684210525,0.027053450657894728,TRAIN,0,1
35,0.15789473684210525,-0.005929622603019225,TRAIN,1,0
36,-0.05263157894736842,0.023538155746509117,TRAIN,0,1
37,0.05263157894736842,0.004269486573576807,TRAIN,1,1
38,0.05263157894736842,0.003358236434108474,TRAIN,1,1
39,0.05263157894736842,-0.0029197184822521136,TRAIN,1,0
40,0.15789473684210525,0.026607901876784985,TEST,1,1
41,0.05263157894736842,-0.0006236721491227863,TRAIN,1,0
42,0.2631578947368421,0.009965313641245994,TRAIN,1,1
43,0.05263157894736842,0.007080577873254568,TRAIN,1,1
44,0.05263157894736842,0.013746783029001078,TRAIN,1,1
45,0.05263157894736842,-0.0017344908700322197,TRAIN,1,0
46,0.05263157894736842,0.014793819548872178,TRAIN,1,1
47,-0.05263157894736842,0.0006042706766917293,TRAIN,0,1
48,0.15789473684210525,0.012298549946294271,TRAIN,1,1
49,-0.15789473684210525,0.023493774989800122,TRAIN,0,1
50,0.15789473684210525,0.0013454199785177285,TEST,1,1
51,-0.05263157894736842,0.006084311403508735,TRAIN,0,1
52,0.05263157894736842,0.008497771929824564,TRAIN,1,1
54,-0.05263157894736842,-0.010575435307017557,TRAIN,0,0
55,0.05263157894736842,0.03299251864035087,TRAIN,1,1
56,0.2631578947368421,0.0029396906552094574,TRAIN,1,1
57,0.05263157894736842,0.01820804977560182,TRAIN,1,1
58,-0.05263157894736842,0.013728749490004081,TRAIN,0,1
59,-0.05263157894736842,-0.01001131907894735,TRAIN,0,0
60,0.15789473684210525,0.005019564983888295,TEST,1,1
61,-0.05263157894736842,-0.004618037280701753,TRAIN,0,0
62,0.2631578947368421,0.009205788377192969,TRAIN,1,1
63,0.3684210526315789,0.009945747583243824,TRAIN,1,1
64,0.05263157894736842,-0.00315493064055489,TRAIN,1,0
65,0.05263157894736842,0.001078803437164348,TRAIN,1,1
66,-0.05263157894736842,0.012583929108485492,TRAIN,0,1
67,0.2631578947368421,0.00623714504283967,TRAIN,1,1
68,0.05263157894736842,0.015769614393125665,TRAIN,1,1
69,0.15789473684210525,0.005886432867884016,TRAIN,1,1
70,-0.05263157894736842,-0.0004995767033863595,TEST,0,0
71,0.05263157894736842,0.007887069078947382,TRAIN,1,1
72,0.15789473684210525,0.029812948796409635,TRAIN,1,1
73,-0.15789473684210525,-0.00465839802631577,TRAIN,0,0
74,0.05263157894736842,0.009410825657894745,TRAIN,1,1
75,0.05263157894736842,0.009263101795185648,TRAIN,1,1
76,-0.05263157894736842,0.00314796025778732,TRAIN,0,1
77,-0.05263157894736842,0.01716329967776587,TRAIN,0,1
78,-0.2631578947368421,0.024472738990332976,TRAIN,0,1
79,-0.05263157894736842,0.016049456140350863,TRAIN,0,1
80,0.2631578947368421,0.012895110633727157,TEST,1,1
81,0.15789473684210525,0.027856311493018277,TRAIN,1,1
82,0.05263157894736842,0.02990273574561404,TRAIN,1,1
83,-0.15789473684210525,0.019743544575725035,TRAIN,0,1
84,-0.15789473684210525,0.014679384532760456,TRAIN,0,1
85,0.15789473684210525,0.01139174928600572,TRAIN,1,1
86,0.15789473684210525,0.030515582169709995,TRAIN,1,1
87,-0.05263157894736842,-0.013246883924928595,TRAIN,0,0
88,-0.15789473684210525,-0.005283748470012258,TRAIN,0,0
89,0.05263157894736842,0.02528669924812031,TRAIN,1,1
90,0.15789473684210525,0.025208597207303986,TEST,1,1
91,0.05263157894736842,0.01547681954887218,TRAIN,1,1
92,0.05263157894736842,0.0078049775601794985,TRAIN,1,1
93,-0.2631578947368421,7.069665442675714e-05,TRAIN,0,1
94,-0.15789473684210525,0.030172458646616527,TRAIN,0,1
95,-0.2631578947368421,-0.011612647690655193,TRAIN,0,0
96,0.15789473684210525,0.019104626096491224,TRAIN,1,1
97,-0.05263157894736842,0.016929856068743292,TRAIN,0,1
98,-0.2631578947368421,0.01354499184006526,TRAIN,0,1
99,0.2631578947368421,-0.0003563770139634866,TRAIN,1,0
100,-0.05263157894736842,0.019143305048335144,TEST,0,1
101,0.05263157894736842,-0.05041395596133193,TRAIN,1,0
102,-0.05263157894736842,0.0033868152524167386,TRAIN,0,1
103,0.2631578947368421,0.021079910848549953,TRAIN,1,1
104,0.05263157894736842,-0.007296916219119221,TRAIN,1,0
105,0.15789473684210525,0.010779900107411401,TRAIN,1,1
106,0.05263157894736842,0.005203611170784097,TRAIN,1,1
107,0.05263157894736842,0.009166944146079478,TRAIN,1,1
108,0.05263157894736842,0.013683775219298247,TRAIN,1,1
109,0.05263157894736842,0.00949411815252417,TRAIN,1,1
110,-0.05263157894736842,0.017554005370569274,TEST,0,1
111,0.05263157894736842,-0.013429631578947358,TRAIN,1,0
112,-0.05263157894736842,0.0017328366228070056,TRAIN,0,1
114,0.15789473684210525,0.031753294956140335,TRAIN,1,1
115,-0.15789473684210525,0.026970779273765816,TRAIN,0,1
116,0.2631578947368421,0.0338207851772288,TRAIN,1,1
117,0.2631578947368421,0.022360591008771916,TRAIN,1,1
118,0.15789473684210525,0.012412152524167561,TRAIN,1,1
119,-0.05263157894736842,0.02936964446831364,TRAIN,0,1
120,-0.15789473684210525,0.025840841031149298,TEST,0,1
121,0.2631578947368421,0.025752592910848544,TRAIN,1,1
122,0.3684210526315789,0.016700540570175438,TRAIN,1,1
123,0.2631578947368421,0.01394954457572503,TRAIN,1,1
124,0.2631578947368421,0.0006786743421052583,TRAIN,1,1
125,-0.05263157894736842,-0.03432537916219117,TRAIN,0,0
126,0.05263157894736842,0.02289532223415687,TRAIN,1,1
127,0.05263157894736842,0.013404640171858209,TRAIN,1,1
128,-0.15789473684210525,-0.003718259868421056,TRAIN,0,0
129,0.2631578947368421,0.018297894736842096,TRAIN,1,1
130,0.05263157894736842,0.04830414254385966,TEST,1,1
131,0.05263157894736842,0.018276294307196562,TRAIN,1,1
132,-0.05263157894736842,0.02979350161117079,TRAIN,0,1
133,0.2631578947368421,0.031131552427580565,TRAIN,1,1
134,0.2631578947368421,0.032021380048959595,TRAIN,1,1
135,0.05263157894736842,0.02130040386680987,TRAIN,1,1
136,0.05263157894736842,0.02437819011815253,TRAIN,1,1
137,0.05263157894736842,0.009694803437164352,TRAIN,1,1
138,0.05263157894736842,0.0327412474500204,TRAIN,1,1
139,0.05263157894736842,0.03013674436090225,TRAIN,1,1
140,-0.05263157894736842,0.007749251096491255,TEST,0,1
141,0.05263157894736842,-0.004767210526315773,TRAIN,1,0
142,0.05263157894736842,0.03160244575725027,TRAIN,1,1
143,0.2631578947368421,0.03105810204081633,TRAIN,1,1
144,-0.05263157894736842,0.024050386576907373,TRAIN,0,1
145,0.15789473684210525,0.006357939849624061,TRAIN,1,1
147,0.15789473684210525,0.090031639254386,TRAIN,1,1
148,-0.15789473684210525,0.028927890350877207,TRAIN,0,1
149,-0.05263157894736842,0.028064424342105262,TRAIN,0,1
150,0.15789473684210525,0.006828686716791979,TEST,1,1
151,0.05263157894736842,0.02226479914070892,TRAIN,1,1
152,-0.05263157894736842,0.009357491944146099,TRAIN,0,1
153,0.05263157894736842,0.011107521419828648,TRAIN,1,1
154,0.15789473684210525,0.0071478388157894856,TRAIN,1,1
155,0.05263157894736842,0.0035597490820073433,TRAIN,1,1
156,0.05263157894736842,-0.04147949409237378,TRAIN,1,0
157,-0.05263157894736842,0.05108106250000001,TRAIN,0,1
158,-0.15789473684210525,0.02090444683136413,TRAIN,0,1
159,-0.15789473684210525,0.04368171321160044,TRAIN,0,1
160,-0.05263157894736842,0.027028893640350892,TEST,0,1
161,0.05263157894736842,0.021261691885964915,TRAIN,1,1
162,0.3684210526315789,0.016547133771929835,TRAIN,1,1
163,0.05263157894736842,-0.0006486392543859573,TRAIN,1,0
164,0.2631578947368421,0.019817908991228074,TRAIN,1,1
165,0.15789473684210525,0.054202422149122804,TRAIN,1,1
166,-0.15789473684210525,0.009930451127819552,TRAIN,0,1
167,0.2631578947368421,0.04887197636949516,TRAIN,1,1
168,0.15789473684210525,0.019687730518155838,TRAIN,1,1
169,0.3684210526315789,0.04409154166666668,TRAIN,1,1
170,0.3684210526315789,0.03916365198711063,TEST,1,1
173,-0.15789473684210525,-0.008790048335123547,TRAIN,0,0
174,0.15789473684210525,0.030577655209452197,TRAIN,1,1
175,0.15789473684210525,0.07950609978070175,TRAIN,1,1
176,0.05263157894736842,0.024190042964554234,TRAIN,1,1
177,0.15789473684210525,0.022363425438596485,TRAIN,1,1
178,0.05263157894736842,0.030481211622807026,TRAIN,1,1
179,-0.05263157894736842,0.023261896885069827,TRAIN,0,1
180,0.15789473684210525,0.025681244517543843,TEST,1,1
181,-0.05263157894736842,0.03647850483351242,TRAIN,0,1
182,0.2631578947368421,0.03046099033297531,TRAIN,1,1
183,-0.15789473684210525,-0.00781124439004488,TRAIN,0,0
184,0.2631578947368421,0.010050139634801286,TRAIN,1,1
185,0.15789473684210525,0.02480330069359446,TRAIN,1,1
186,-0.05263157894736842,0.027879980263157907,TRAIN,0,1
187,0.15789473684210525,0.03598417872807016,TRAIN,1,1
188,0.15789473684210525,0.017556114851081193,TRAIN,1,1
189,0.2631578947368421,0.04785891995614032,TRAIN,1,1
190,0.05263157894736842,0.037717878625134274,TEST,1,1
191,0.05263157894736842,0.009816077111383116,TRAIN,1,1
192,0.05263157894736842,0.0037173991228070086,TRAIN,1,1
193,-0.05263157894736842,-0.012686265306122426,TRAIN,0,0
194,0.05263157894736842,0.015615524122807008,TRAIN,1,1
195,0.15789473684210525,0.007090084854994627,TRAIN,1,1
196,0.05263157894736842,0.05153309975520195,TRAIN,1,1
197,0.15789473684210525,0.006707145833333311,TRAIN,1,1
198,-0.05263157894736842,0.00029202302631580715,TRAIN,0,1
199,0.05263157894736842,0.016278138157894764,TRAIN,1,1
200,0.15789473684210525,0.0354628023630505,TEST,1,1
201,0.05263157894736842,0.025368463892288872,TRAIN,1,1
202,0.15789473684210525,0.02196477521929824,TRAIN,1,1
203,-0.05263157894736842,0.005576717105263161,TRAIN,0,1
204,0.05263157894736842,0.025869226973684153,TRAIN,1,1
205,0.05263157894736842,0.04226281619747044,TRAIN,1,1
206,0.05263157894736842,0.017015484496124077,TRAIN,1,1
207,0.05263157894736842,0.04324055811403512,TRAIN,1,1
208,0.2631578947368421,0.013087759868421051,TRAIN,1,1
209,0.05263157894736842,0.020980967972256136,TRAIN,1,1
211,0.05263157894736842,-0.008115212674543473,TRAIN,1,0
212,0.15789473684210525,0.05617202083333334,TRAIN,1,1
213,0.05263157894736842,0.003506992044063643,TRAIN,1,1
214,0.05263157894736842,0.020212626478988173,TRAIN,1,1
215,0.05263157894736842,-0.0012742044063647675,TRAIN,1,0
216,0.2631578947368421,0.024826600429645528,TRAIN,1,1
217,-0.15789473684210525,0.005474116004296464,TRAIN,0,1
218,-0.05263157894736842,0.025943065520945267,TRAIN,0,1
220,0.15789473684210525,0.007250386680988214,TEST,1,1
221,-0.15789473684210525,0.01906993778049775,TRAIN,0,1
222,0.05263157894736842,0.008782659118727046,TRAIN,1,1
223,0.15789473684210525,0.019805042964554244,TRAIN,1,1
224,0.2631578947368421,0.013073900448796374,TRAIN,1,1
225,0.2631578947368421,0.0028948947368421358,TRAIN,1,1
226,0.2631578947368421,0.022838660750713974,TRAIN,1,1
227,0.05263157894736842,0.013249690942472473,TRAIN,1,1
228,0.05263157894736842,0.014855144736842118,TRAIN,1,1
229,-0.05263157894736842,0.020652651978784176,TRAIN,0,1
230,0.2631578947368421,0.022158719656283566,TEST,1,1
231,-0.2631578947368421,0.005835081632653046,TRAIN,0,1
232,-0.05263157894736842,0.009019907180742555,TRAIN,0,1
233,0.05263157894736842,-0.006122088815789468,TRAIN,1,0
234,0.05263157894736842,0.019835875152998773,TRAIN,1,1
235,0.05263157894736842,-0.0034933585526315887,TRAIN,1,0
236,-0.05263157894736842,0.00443237271750803,TRAIN,0,1
237,0.15789473684210525,0.04533126315789476,TRAIN,1,1
238,0.15789473684210525,0.02393664876476908,TRAIN,1,1
239,-0.05263157894736842,0.014511237379162174,TRAIN,0,1
240,0.15789473684210525,0.005527168859649142,TEST,1,1
241,0.15789473684210525,0.025100164218686258,TRAIN,1,1
242,0.3684210526315789,0.051507350061199504,TRAIN,1,1
243,-0.15789473684210525,0.03134552223582212,TRAIN,0,1
244,-0.15789473684210525,-0.030206744360902264,TRAIN,0,0
245,0.05263157894736842,-0.01528541675617616,TRAIN,1,0
246,0.3684210526315789,0.029775051535087683,TRAIN,1,1
247,0.2631578947368421,0.041067902255639124,TRAIN,1,1
248,-0.15789473684210525,0.0029557785087719218,TRAIN,0,1
249,-0.05263157894736842,0.027297826754385978,TRAIN,0,1
250,0.05263157894736842,0.019555468313641234,TEST,1,1
251,0.15789473684210525,0.0022734057527539968,TRAIN,1,1
252,0.15789473684210525,0.02952337923296613,TRAIN,1,1
253,-0.15789473684210525,-0.025156940923737898,TRAIN,0,0
254,-0.2631578947368421,0.0010458313641246047,TRAIN,0,1
255,0.15789473684210525,0.013441107411385612,TRAIN,1,1
256,0.2631578947368421,0.020894133190118153,TRAIN,1,1
257,0.05263157894736842,0.009960105263157902,TRAIN,1,1
258,0.15789473684210525,0.04210749731471537,TRAIN,1,1
259,-0.05263157894736842,-0.05419199232456141,TRAIN,0,0
260,-0.05263157894736842,0.027608601503759406,TEST,0,1
261,-0.05263157894736842,0.03569050657894739,TRAIN,0,1
262,0.2631578947368421,0.002718421052631601,TRAIN,1,1
263,0.05263157894736842,0.0031612674543501683,TRAIN,1,1
264,-0.15789473684210525,0.010947632675438593,TRAIN,0,1
265,0.47368421052631576,-0.006589909774436082,TRAIN,1,0
266,0.05263157894736842,-0.006855505915952672,TRAIN,1,0
267,-0.05263157894736842,-0.000701105263157902,TRAIN,0,0
268,0.05263157894736842,0.03425078399122807,TRAIN,1,1
269,0.2631578947368421,0.012903994517543841,TRAIN,1,1
270,0.05263157894736842,0.04972593635250916,TEST,1,1
271,0.05263157894736842,0.01943496455424277,TRAIN,1,1
272,-0.05263157894736842,0.0005814973147153396,TRAIN,0,1
273,0.05263157894736842,0.023577582236842066,TRAIN,1,1
274,0.2631578947368421,0.010925806813545533,TRAIN,1,1
275,0.15789473684210525,-0.0925962545649839,TRAIN,1,0
276,0.05263157894736842,0.02845160750713992,TRAIN,1,1
277,0.05263157894736842,0.015079789881680957,TRAIN,1,1
278,0.15789473684210525,0.02697842212674542,TRAIN,1,1
279,-0.05263157894736842,0.02546697422126747,TRAIN,0,1
280,0.05263157894736842,0.003780020408163241,TEST,1,1
281,0.3684210526315789,0.04909031149301826,TRAIN,1,1
282,-0.05263157894736842,0.011426021011831872,TRAIN,0,1
283,0.2631578947368421,0.005386383458646609,TRAIN,1,1
284,0.05263157894736842,0.042300845573235386,TRAIN,1,1
285,-0.05263157894736842,0.035010603651987104,TRAIN,0,1
286,0.3684210526315789,0.04000060893512851,TRAIN,1,1
287,-0.05263157894736842,0.04663777960526312,TRAIN,0,1
288,0.05263157894736842,0.023242109649122808,TRAIN,1,1
289,0.15789473684210525,0.008620472610096673,TRAIN,1,1
290,-0.05263157894736842,0.01695202631578945,TEST,0,1
291,-0.05263157894736842,-0.0006352760472610143,TRAIN,0,0
292,0.05263157894736842,-0.0037803426423200955,TRAIN,1,0
293,0.15789473684210525,0.009796482456140369,TRAIN,1,1
294,0.3684210526315789,0.006178200859291076,TRAIN,1,1
295,0.2631578947368421,0.03466148408812731,TRAIN,1,1
296,0.05263157894736842,0.023310303974221246,TRAIN,1,1
297,0.15789473684210525,-0.007856208378088075,TRAIN,1,0
298,0.15789473684210525,0.03418529197994986,TRAIN,1,1
299,0.2631578947368421,0.0076909667024704685,TRAIN,1,1
300,0.05263157894736842,0.058718916768665835,TEST,1,1
301,-0.05263157894736842,0.016470245972073035,TRAIN,0,1
302,0.2631578947368421,0.028773705043859666,TRAIN,1,1
303,0.05263157894736842,0.02503689583333335,TRAIN,1,1
304,0.05263157894736842,0.019280100877192983,TRAIN,1,1
305,0.15789473684210525,0.00911990241228072,TRAIN,1,1
306,0.05263157894736842,-0.005862859649122809,TRAIN,1,0
307,0.05263157894736842,0.013304676691729312,TRAIN,1,1
308,0.05263157894736842,0.031040569280343665,TRAIN,1,1
309,0.15789473684210525,0.023279128926968568,TRAIN,1,1
310,0.05263157894736842,-0.009557862513426427,TEST,1,0
311,0.05263157894736842,0.02213626682986533,TRAIN,1,1
312,-0.05263157894736842,0.028812085929108486,TRAIN,0,1
313,0.15789473684210525,0.006371604726100958,TRAIN,1,1
314,-0.05263157894736842,0.0037756951754385846,TRAIN,0,1
315,0.15789473684210525,0.012051394199785187,TRAIN,1,1
316,0.05263157894736842,0.02233748574561404,TRAIN,1,1
317,0.2631578947368421,0.0331900418904404,TRAIN,1,1
318,0.15789473684210525,0.023944805585392033,TRAIN,1,1
319,0.05263157894736842,0.038912041890440376,TRAIN,1,1
320,0.05263157894736842,0.014531700322234135,TEST,1,1
321,-0.05263157894736842,0.011408200859291097,TRAIN,0,1
322,0.05263157894736842,0.004704412280701748,TRAIN,1,1
323,0.05263157894736842,0.014710411385606892,TRAIN,1,1
324,0.15789473684210525,-0.007848491944146104,TRAIN,1,0
325,-0.05263157894736842,-0.01312812889366272,TRAIN,0,0
326,-0.05263157894736842,-0.08393422986036521,TRAIN,0,0
327,0.15789473684210525,0.03680415037593985,TRAIN,1,1
328,0.05263157894736842,0.008068190534475729,TRAIN,1,1
329,0.05263157894736842,0.01609226132190943,TRAIN,1,1
330,0.05263157894736842,0.042853423200859296,TEST,1,1
331,-0.05263157894736842,0.001743074255405956,TRAIN,0,1
332,0.3684210526315789,0.04785340983272134,TRAIN,1,1
333,0.05263157894736842,-0.009504245972073042,TRAIN,1,0
334,0.15789473684210525,0.010324092207262329,TRAIN,1,1
335,-0.05263157894736842,-0.024215381310418917,TRAIN,0,0
336,-0.15789473684210525,0.033244377192982455,TRAIN,0,1
337,0.15789473684210525,0.02779164983888292,TRAIN,1,1
338,0.05263157894736842,0.027805544575725028,TRAIN,1,1
339,-0.05263157894736842,0.03026768170426063,TRAIN,0,1
340,-0.05263157894736842,0.03569820730397423,TEST,0,1
341,-0.05263157894736842,0.023582418859649144,TRAIN,0,1
342,0.15789473684210525,0.002036850698173983,TRAIN,1,1
343,0.15789473684210525,0.00951520730397423,TRAIN,1,1
344,-0.2631578947368421,-0.03123734049409239,TRAIN,0,0
345,0.15789473684210525,0.033880766917293206,TRAIN,1,1
346,-0.05263157894736842,0.035730158968850706,TRAIN,0,1
347,-0.05263157894736842,-0.002028544575725006,TRAIN,0,0
348,0.15789473684210525,-0.014185249194414632,TRAIN,1,0
349,0.15789473684210525,0.02218888706140353,TRAIN,1,1
350,0.15789473684210525,0.04385356691146471,TEST,1,1
351,0.15789473684210525,0.008686848684210517,TRAIN,1,1
352,-0.15789473684210525,-0.017855357456140336,TRAIN,0,0
353,0.05263157894736842,0.03046648442534904,TRAIN,1,1
354,0.15789473684210525,0.00033612609649122236,TRAIN,1,1
355,0.05263157894736842,0.02455701288936625,TRAIN,1,1
356,-0.05263157894736842,0.01598731471535983,TRAIN,0,1
357,-0.05263157894736842,-0.023315471535982818,TRAIN,0,0
358,0.2631578947368421,-0.009484812500000018,TRAIN,1,0
359,0.2631578947368421,0.02011007948442536,TRAIN,1,1
360,0.05263157894736842,0.01826616756176154,TEST,1,1
361,0.05263157894736842,0.0020032330827067847,TRAIN,1,1
362,0.3684210526315789,0.027600122807017558,TRAIN,1,1
363,0.15789473684210525,0.03619324704618691,TRAIN,1,1
364,0.05263157894736842,0.019039298603651996,TRAIN,1,1
365,0.15789473684210525,0.01261213596491232,TRAIN,1,1
366,0.2631578947368421,0.04849964661654135,TRAIN,1,1
367,0.15789473684210525,0.08520876682986535,TRAIN,1,1
368,0.05263157894736842,0.034319243823845325,TRAIN,1,1
369,0.2631578947368421,0.022171296455424278,TRAIN,1,1
370,-0.05263157894736842,0.017178167561761527,TEST,0,1
371,0.2631578947368421,0.0036871704260651506,TRAIN,1,1
372,0.05263157894736842,0.01479525026852846,TRAIN,1,1
373,0.05263157894736842,0.012464653061224497,TRAIN,1,1
374,-0.05263157894736842,0.01834665021929825,TRAIN,0,1
375,-0.05263157894736842,0.004631024122806996,TRAIN,0,1
376,0.15789473684210525,0.027523319011815255,TRAIN,1,1
377,0.47368421052631576,0.01061593311403511,TRAIN,1,1
378,-0.05263157894736842,0.02077174328678839,TRAIN,0,1
379,-0.05263157894736842,0.005214175080558536,TRAIN,0,1
380,0.05263157894736842,0.04193077631578947,TEST,1,1
381,0.2631578947368421,0.016436241228070164,TRAIN,1,1
382,0.3684210526315789,0.017212232008592915,TRAIN,1,1
383,0.05263157894736842,0.017067861439312576,TRAIN,1,1
384,0.05263157894736842,0.018615659505907618,TRAIN,1,1
385,-0.05263157894736842,0.037213499462943014,TRAIN,0,1
386,0.05263157894736842,-0.011813738990332978,TRAIN,1,0
387,0.2631578947368421,-0.011757065520945237,TRAIN,1,0
388,0.2631578947368421,0.01772879591836732,TRAIN,1,1
389,0.05263157894736842,0.029408751096491232,TRAIN,1,1
390,0.15789473684210525,0.023220286184210535,TEST,1,1
391,0.05263157894736842,0.010874516447368464,TRAIN,1,1
392,-0.05263157894736842,0.04386126784985718,TRAIN,0,1
393,0.2631578947368421,0.03372386680988184,TRAIN,1,1
394,0.3684210526315789,0.016100358754027905,TRAIN,1,1
395,-0.05263157894736842,-0.00549594629430721,TRAIN,0,0
396,0.15789473684210525,0.018990252957976336,TRAIN,1,1
397,0.15789473684210525,0.008753865735767996,TRAIN,1,1
398,-0.2631578947368421,-0.0004969720730397517,TRAIN,0,0
399,0.15789473684210525,-0.015965137486573584,TRAIN,1,0
400,0.05263157894736842,-0.0019714887218045263,TEST,1,0
401,-0.15789473684210525,0.02757649946294306,TRAIN,0,1
402,0.15789473684210525,-0.04796598711063373,TRAIN,1,0
403,0.2631578947368421,0.03474964876476907,TRAIN,1,1
404,0.15789473684210525,0.01825807346491226,TRAIN,1,1
405,-0.15789473684210525,0.011519379385964935,TRAIN,0,1
406,-0.05263157894736842,-0.011070888292158982,TRAIN,0,0
408,0.05263157894736842,0.02272130719656281,TRAIN,1,1
409,-0.05263157894736842,-0.0127046015037594,TRAIN,0,0
410,0.15789473684210525,0.0032083695175438797,TEST,1,1
411,0.3684210526315789,0.026611344790547806,TRAIN,1,1
412,0.05263157894736842,0.017023171858216977,TRAIN,1,1
413,0.05263157894736842,0.03207999122807024,TRAIN,1,1
414,0.2631578947368421,0.01932662513426424,TRAIN,1,1
415,-0.05263157894736842,-0.003935200859291081,TRAIN,0,0
416,-0.05263157894736842,0.01846356928034371,TRAIN,0,1
417,0.2631578947368421,0.01300566666666667,TRAIN,1,1
418,0.05263157894736842,0.021428383458646626,TRAIN,1,1
419,0.15789473684210525,0.01936439742212677,TRAIN,1,1
420,0.05263157894736842,0.003649328845369241,TEST,1,1
421,0.05263157894736842,0.029203036519871113,TRAIN,1,1
422,0.3684210526315789,0.023543322368421032,TRAIN,1,1
423,0.05263157894736842,0.004881999999999995,TRAIN,1,1
424,0.47368421052631576,0.024305077336197644,TRAIN,1,1
425,-0.15789473684210525,0.05181122341568206,TRAIN,0,1
426,-0.15789473684210525,0.030570351897184805,TRAIN,0,1
427,-0.05263157894736842,0.0023404586466165425,TRAIN,0,1
428,-0.05263157894736842,0.02232650698174005,TRAIN,0,1
429,-0.05263157894736842,0.04104468421052632,TRAIN,0,1
430,-0.05263157894736842,-0.06104805585392054,TEST,0,0
431,-0.15789473684210525,-0.001640603651987114,TRAIN,0,0
432,0.05263157894736842,0.019634224489795897,TRAIN,1,1
433,-0.05263157894736842,0.009684919956140344,TRAIN,0,1
434,-0.05263157894736842,0.031744683136412474,TRAIN,0,1
435,-0.05263157894736842,0.024455113856068758,TRAIN,0,1
436,0.05263157894736842,0.050835052631578954,TRAIN,1,1
437,-0.05263157894736842,0.01746774973147154,TRAIN,0,1
438,0.2631578947368421,0.03991792588614394,TRAIN,1,1
439,0.05263157894736842,0.001412762620837782,TRAIN,1,1
440,-0.15789473684210525,0.008284010741138569,TEST,0,1
441,-0.05263157894736842,-0.05754223308270679,TRAIN,0,0
442,0.2631578947368421,0.013530882921589682,TRAIN,1,1
443,0.05263157894736842,0.016700901181525236,TRAIN,1,1
444,-0.2631578947368421,0.018321997851772295,TRAIN,0,1
445,0.05263157894736842,0.0682280153508772,TRAIN,1,1
446,-0.15789473684210525,0.03725797314715361,TRAIN,0,1
447,0.05263157894736842,0.03762869387755104,TRAIN,1,1
448,0.2631578947368421,0.009352981359649114,TRAIN,1,1
449,0.15789473684210525,0.0085687336197637,TRAIN,1,1
450,0.15789473684210525,0.022359879699248072,TEST,1,1
451,-0.05263157894736842,-0.009380283991228068,TRAIN,0,0
452,0.3684210526315789,0.01979860526315788,TRAIN,1,1
453,0.15789473684210525,0.011855917763157899,TRAIN,1,1
454,-0.05263157894736842,-0.008048243823845322,TRAIN,0,0
455,0.15789473684210525,0.037317967776584304,TRAIN,1,1
456,0.05263157894736842,0.017435331901181517,TRAIN,1,1
457,0.15789473684210525,0.0014113286788399854,TRAIN,1,1
458,-0.05263157894736842,-0.03745629967776587,TRAIN,0,0
459,-0.05263157894736842,0.012499633727175056,TRAIN,0,1
460,-0.05263157894736842,0.020667123523093453,TEST,0,1
461,0.15789473684210525,0.016951117078410308,TRAIN,1,1
462,-0.05263157894736842,0.023538760964912277,TRAIN,0,1
463,0.05263157894736842,-0.0012434790547798098,TRAIN,1,0
464,-0.05263157894736842,-0.03918025241675618,TRAIN,0,0
465,0.15789473684210525,0.004673580043859666,TRAIN,1,1
466,0.15789473684210525,-0.004629882921589688,TRAIN,1,0
467,-0.05263157894736842,0.019932707841031173,TRAIN,0,1
468,0.05263157894736842,0.03213749516648765,TRAIN,1,1
469,0.2631578947368421,0.02290917105263159,TRAIN,1,1
470,0.05263157894736842,5.123200859291048e-05,TEST,1,1
471,0.15789473684210525,0.050313221491228056,TRAIN,1,1
472,0.05263157894736842,0.016260314157486737,TRAIN,1,1
473,0.05263157894736842,0.012627326530612258,TRAIN,1,1
474,-0.15789473684210525,0.0019693458646616517,TRAIN,0,1
475,-0.2631578947368421,-0.007836235230934475,TRAIN,0,0
476,0.15789473684210525,0.025244178728070166,TRAIN,1,1
477,0.15789473684210525,-0.024368712137486575,TRAIN,1,0
478,0.05263157894736842,-0.0027838109559613342,TRAIN,1,0
479,-0.15789473684210525,-0.0027604039167686777,TRAIN,0,0
480,0.15789473684210525,0.023249415682062298,TEST,1,1
481,0.05263157894736842,-0.007259026852846424,TRAIN,1,0
482,0.2631578947368421,-0.00041197674418611436,TRAIN,1,0
483,0.05263157894736842,0.006394639097744339,TRAIN,1,1
484,0.2631578947368421,0.021911298603652006,TRAIN,1,1
485,0.05263157894736842,0.051032597587719296,TRAIN,1,1
486,-0.05263157894736842,0.0026695012239902104,TRAIN,0,1
487,0.3684210526315789,0.010817373791621931,TRAIN,1,1
488,-0.15789473684210525,0.008940541353383437,TRAIN,0,1
489,-0.05263157894736842,-0.014536963480128895,TRAIN,0,0
490,0.2631578947368421,0.008973044038668106,TEST,1,1
491,0.15789473684210525,0.009936235230934476,TRAIN,1,1
492,0.05263157894736842,0.021828776315789482,TRAIN,1,1
493,0.2631578947368421,0.04264308114035085,TRAIN,1,1
494,-0.15789473684210525,0.011644742324561386,TRAIN,0,1
495,-0.05263157894736842,0.001877072368421057,TRAIN,0,1
496,-0.15789473684210525,0.01887725657894737,TRAIN,0,1
497,-0.15789473684210525,0.0030554661654135285,TRAIN,0,1
498,0.15789473684210525,-0.006017489035087721,TRAIN,1,0
499,0.15789473684210525,-0.009608490870032226,TRAIN,1,0
500,0.15789473684210525,0.014039642320085921,TEST,1,1
501,-0.05263157894736842,0.004699395273899036,TRAIN,0,1
502,0.15789473684210525,0.021042884868421045,TRAIN,1,1
503,-0.05263157894736842,0.0028190064446831364,TRAIN,0,1
504,0.3684210526315789,0.030433712137486572,TRAIN,1,1
505,0.2631578947368421,0.019547310307017573,TRAIN,1,1
506,0.15789473684210525,-0.018059991407089172,TRAIN,1,0
507,-0.15789473684210525,0.007547801288936611,TRAIN,0,1
508,0.2631578947368421,0.03204519119226638,TRAIN,1,1
509,-0.15789473684210525,-0.0032316118421052684,TRAIN,0,0
510,-0.2631578947368421,-0.020282464017185815,TEST,0,0
511,-0.05263157894736842,0.009581847475832449,TRAIN,0,1
512,0.2631578947368421,0.022011719656283575,TRAIN,1,1
513,0.15789473684210525,0.013776120300751897,TRAIN,1,1
514,0.2631578947368421,0.029571390977443605,TRAIN,1,1
515,0.05263157894736842,0.006718916219119231,TRAIN,1,1
516,0.2631578947368421,-0.007137701396348009,TRAIN,1,0
517,0.05263157894736842,0.003968654135338347,TRAIN,1,1
518,-0.05263157894736842,0.02553200966702467,TRAIN,0,1
519,-0.05263157894736842,0.011937505482456166,TRAIN,0,1
520,0.05263157894736842,0.023057288936627292,TEST,1,1
521,0.05263157894736842,0.028373647490820064,TRAIN,1,1
522,-0.05263157894736842,0.021985680334557337,TRAIN,0,1
523,0.05263157894736842,0.006707218201754368,TRAIN,1,1
524,0.2631578947368421,0.04434610526315791,TRAIN,1,1
525,0.2631578947368421,0.014606459429824567,TRAIN,1,1
526,0.15789473684210525,0.012020900219298242,TRAIN,1,1
527,0.2631578947368421,0.014301598281417837,TRAIN,1,1
528,-0.05263157894736842,0.02154715789473686,TRAIN,0,1
529,0.05263157894736842,-0.007869979591836732,TRAIN,1,0
530,-0.05263157894736842,0.00028089151450052646,TEST,0,1
531,0.2631578947368421,0.023703429645542423,TRAIN,1,1
532,0.15789473684210525,-0.0012424436090225453,TRAIN,1,0
533,-0.05263157894736842,0.009319332975295413,TRAIN,0,1
534,0.2631578947368421,0.02176019656283565,TRAIN,1,1
535,0.05263157894736842,0.00017055482456140858,TRAIN,1,1
536,0.2631578947368421,0.0038108528464017195,TRAIN,1,1
537,-0.15789473684210525,-0.0060116151315789375,TRAIN,0,0
538,-0.05263157894736842,0.007160629430719647,TRAIN,0,1
539,-0.05263157894736842,0.024373133771929827,TRAIN,0,1
540,0.05263157894736842,0.005051008592910861,TEST,1,1
541,0.05263157894736842,0.006015578947368419,TRAIN,1,1
542,0.2631578947368421,0.036487752953813096,TRAIN,1,1
543,0.2631578947368421,0.02803282062298604,TRAIN,1,1
544,0.2631578947368421,0.02321673791621912,TRAIN,1,1
545,0.05263157894736842,-0.003626324561403508,TRAIN,1,0
546,0.15789473684210525,0.01604287969924813,TRAIN,1,1
547,-0.15789473684210525,-0.00961622916666666,TRAIN,0,0
548,0.05263157894736842,-0.012108747807017544,TRAIN,1,0
549,-0.05263157894736842,0.008205254564983883,TRAIN,0,1
550,0.15789473684210525,0.047483836734693884,TEST,1,1
551,-0.05263157894736842,0.0013802717508055963,TRAIN,0,1
552,0.15789473684210525,0.006249706766917291,TRAIN,1,1
553,0.15789473684210525,-0.010087014254385957,TRAIN,1,0
554,0.3684210526315789,0.06603165850673196,TRAIN,1,1
555,0.05263157894736842,0.017104943071965615,TRAIN,1,1
556,0.15789473684210525,0.021364757250268523,TRAIN,1,1
557,0.15789473684210525,0.016778688506981748,TRAIN,1,1
558,0.05263157894736842,-0.0040437873254564865,TRAIN,1,0
559,0.15789473684210525,0.04277713104189048,TRAIN,1,1
560,0.05263157894736842,0.03127361761546725,TEST,1,1
561,0.15789473684210525,-0.018264254564983876,TRAIN,1,0
562,0.47368421052631576,0.005901730397422092,TRAIN,1,1
563,0.47368421052631576,0.043975365131578965,TRAIN,1,1
564,-0.15789473684210525,0.0037835950590762693,TRAIN,0,1
565,-0.05263157894736842,0.019980818474758324,TRAIN,0,1
566,0.3684210526315789,0.015141145005370565,TRAIN,1,1
567,0.3684210526315789,0.08215308004385964,TRAIN,1,1
568,0.15789473684210525,0.026515078410311515,TRAIN,1,1
569,0.05263157894736842,0.045794143206854335,TRAIN,1,1
570,0.15789473684210525,0.02907144897959184,TEST,1,1
571,-0.15789473684210525,0.03145670461868957,TRAIN,0,1
572,0.15789473684210525,-0.0024792889366272823,TRAIN,1,0
573,0.2631578947368421,0.03941215359828145,TRAIN,1,1
574,0.05263157894736842,0.01607932867883996,TRAIN,1,1
575,0.2631578947368421,0.009298654135338322,TRAIN,1,1
576,0.15789473684210525,0.003909947368421055,TRAIN,1,1
577,0.05263157894736842,0.023002182017543858,TRAIN,1,1
578,0.15789473684210525,-0.006814685284640161,TRAIN,1,0
579,0.2631578947368421,0.007659713211600446,TRAIN,1,1
580,-0.15789473684210525,0.0015032313596491551,TEST,0,1
581,0.05263157894736842,0.021403973684210514,TRAIN,1,1
582,-0.05263157894736842,-0.00925327175080558,TRAIN,0,0
583,0.15789473684210525,0.03907593018259934,TRAIN,1,1
584,0.2631578947368421,0.026218075187969914,TRAIN,1,1
585,0.3684210526315789,0.015563224489795916,TRAIN,1,1
586,0.15789473684210525,0.016799217105263168,TRAIN,1,1
587,-0.05263157894736842,0.00620862083780885,TRAIN,0,1
588,-0.05263157894736842,0.01613450767543861,TRAIN,0,1
589,0.15789473684210525,0.03796791084854995,TRAIN,1,1
590,0.05263157894736842,0.009441287862513427,TEST,1,1
591,0.15789473684210525,0.024572230934479064,TRAIN,1,1
592,0.2631578947368421,0.03068356068743286,TRAIN,1,1
593,-0.2631578947368421,0.0015259011815252383,TRAIN,0,1
594,0.3684210526315789,0.07951193984962407,TRAIN,1,1
595,0.05263157894736842,0.022973279605263134,TRAIN,1,1
596,0.05263157894736842,-0.017127904403866776,TRAIN,1,0
597,0.2631578947368421,-0.0004295198711063401,TRAIN,1,0
598,0.15789473684210525,0.014751933404940876,TRAIN,1,1
599,0.3684210526315789,0.038891029001074134,TRAIN,1,1
600,0.05263157894736842,0.03959394629430721,TEST,1,1
601,0.05263157894736842,0.005371248120300741,TRAIN,1,1
602,0.15789473684210525,0.025449440386681,TRAIN,1,1
603,-0.15789473684210525,-0.00901987609649123,TRAIN,0,0
604,0.05263157894736842,0.010128835660580017,TRAIN,1,1
605,0.05263157894736842,0.006141873903508738,TRAIN,1,1
606,-0.05263157894736842,0.007366537056928048,TRAIN,0,1
607,0.05263157894736842,0.0054250142543859885,TRAIN,1,1
608,-0.05263157894736842,0.0205683469387755,TRAIN,0,1
609,0.15789473684210525,0.01043368098818474,TRAIN,1,1
610,0.05263157894736842,0.0021601170784102982,TEST,1,1
611,0.05263157894736842,0.030207435307017555,TRAIN,1,1
612,0.15789473684210525,0.10482253598281417,TRAIN,1,1
613,0.15789473684210525,0.018362325456498407,TRAIN,1,1
614,-0.15789473684210525,0.0027074607948442495,TRAIN,0,1
615,-0.15789473684210525,0.009348583333333327,TRAIN,0,1
616,0.05263157894736842,0.008009888292158967,TRAIN,1,1
617,0.2631578947368421,0.022488098818474755,TRAIN,1,1
618,0.05263157894736842,0.012767889254385947,TRAIN,1,1
619,0.15789473684210525,0.005904911922663806,TRAIN,1,1
620,0.05263157894736842,0.011511539473684206,TEST,1,1
621,0.15789473684210525,-0.009653013157894732,TRAIN,1,0
622,0.15789473684210525,0.011222210526315791,TRAIN,1,1
623,0.05263157894736842,-0.004732221267454341,TRAIN,1,0
624,0.05263157894736842,0.011203928034371646,TRAIN,1,1
625,0.05263157894736842,-0.008154522019334058,TRAIN,1,0
626,0.2631578947368421,0.020370793770139627,TRAIN,1,1
627,-0.15789473684210525,-0.005971700322234164,TRAIN,0,0
628,0.15789473684210525,0.007811354457572511,TRAIN,1,1
629,0.05263157894736842,0.04149461868958106,TRAIN,1,1
630,-0.2631578947368421,0.013126319078947376,TEST,0,1
631,-0.05263157894736842,0.009011429645542426,TRAIN,0,1
632,0.15789473684210525,0.010198691729323318,TRAIN,1,1
633,0.2631578947368421,-0.013451506981740047,TRAIN,1,0
634,0.2631578947368421,0.029095276047261014,TRAIN,1,1
635,-0.05263157894736842,-0.03931650438596492,TRAIN,0,0
636,-0.05263157894736842,-0.008273328678839944,TRAIN,0,0
637,0.15789473684210525,-0.005636292158968851,TRAIN,1,0
638,-0.15789473684210525,0.013866541207670344,TRAIN,0,1
639,0.05263157894736842,0.020888705692803426,TRAIN,1,1
640,0.3684210526315789,0.018194186895810954,TEST,1,1
641,-0.05263157894736842,-0.0010062086903304707,TRAIN,0,0
642,-0.05263157894736842,0.018942654018767848,TRAIN,0,1
643,0.05263157894736842,0.014374920515574657,TRAIN,1,1
644,0.2631578947368421,0.002148796052631571,TRAIN,1,1
645,-0.05263157894736842,0.0021256251342642277,TRAIN,0,1
646,0.15789473684210525,0.004683451127819549,TRAIN,1,1
647,-0.05263157894736842,0.0018543909774436241,TRAIN,0,1
648,-0.05263157894736842,0.0028996271929824704,TRAIN,0,1
649,-0.05263157894736842,0.0048838990332975216,TRAIN,0,1
650,-0.05263157894736842,0.011175943071965636,TEST,0,1
651,-0.05263157894736842,0.010771809210526288,TRAIN,0,1
652,0.2631578947368421,0.017008267543859656,TRAIN,1,1
653,0.05263157894736842,-0.007754479054779802,TRAIN,1,0
654,-0.05263157894736842,0.02575696710526313,TRAIN,0,1
655,0.05263157894736842,0.017301779806659513,TRAIN,1,1
656,0.05263157894736842,0.01894748793859649,TRAIN,1,1
657,0.47368421052631576,-0.04265469846491227,TRAIN,1,0
658,0.3684210526315789,0.015162091008771925,TRAIN,1,1
659,-0.05263157894736842,-0.003124901315789475,TRAIN,0,0
660,0.15789473684210525,0.011372280701754386,TEST,1,1
661,0.2631578947368421,0.00714078195488721,TRAIN,1,1
662,0.15789473684210525,0.06491853835169314,TRAIN,1,1
663,0.05263157894736842,0.01825203179824562,TRAIN,1,1
664,0.05263157894736842,0.025705806659505902,TRAIN,1,1
665,0.05263157894736842,0.014571464017185839,TRAIN,1,1
666,-0.15789473684210525,0.024168266380236315,TRAIN,0,1
667,-0.05263157894736842,0.026646141783029008,TRAIN,0,1
668,0.05263157894736842,-0.064732858216971,TRAIN,1,0
669,0.2631578947368421,0.0010461907894737024,TRAIN,1,1
670,0.05263157894736842,0.003661859649122818,TEST,1,1
671,-0.05263157894736842,-0.001179055921052625,TRAIN,0,0
672,0.3684210526315789,0.03723694407894737,TRAIN,1,1
673,-0.05263157894736842,0.013611838815789487,TRAIN,0,1
674,0.15789473684210525,0.006669341568206223,TRAIN,1,1
675,0.05263157894736842,0.011437012061403492,TRAIN,1,1
676,0.05263157894736842,0.028042121374865742,TRAIN,1,1
677,0.2631578947368421,-0.004851102040816332,TRAIN,1,0
678,0.05263157894736842,0.03588284210526314,TRAIN,1,1
679,0.3684210526315789,0.015915150375939848,TRAIN,1,1
680,0.05263157894736842,0.011853502685284635,TEST,1,1
681,-0.05263157894736842,0.023904113856068755,TRAIN,0,1
682,0.15789473684210525,0.025236342642320084,TRAIN,1,1
683,0.05263157894736842,-0.005667799140708912,TRAIN,1,0
684,0.2631578947368421,0.0006916557017543754,TRAIN,1,1
685,0.15789473684210525,0.04327742434210524,TRAIN,1,1
686,0.05263157894736842,0.006450896885069811,TRAIN,1,1
687,0.05263157894736842,0.017604527389903327,TRAIN,1,1
688,0.05263157894736842,0.008303541666666662,TRAIN,1,1
689,-0.05263157894736842,0.0321565209452202,TRAIN,0,1
690,0.05263157894736842,0.04430875560995511,TEST,1,1
691,-0.05263157894736842,0.012291272824919444,TRAIN,0,1
692,0.2631578947368421,0.04158281417830292,TRAIN,1,1
693,-0.15789473684210525,0.009824627282491935,TRAIN,0,1
694,0.05263157894736842,-0.0048036495308037466,TRAIN,1,0
695,0.15789473684210525,0.026484890440386686,TRAIN,1,1
696,0.05263157894736842,0.030246843179377026,TRAIN,1,1
697,0.15789473684210525,0.030236408991228078,TRAIN,1,1
698,-0.15789473684210525,0.022706196562835654,TRAIN,0,1
699,0.2631578947368421,0.031241037593984958,TRAIN,1,1
700,-0.15789473684210525,-0.0007368818474758372,TEST,0,0
701,0.05263157894736842,-0.01211640899122807,TRAIN,1,0
702,0.15789473684210525,0.028226095596133177,TRAIN,1,1
703,0.15789473684210525,0.032766547798066585,TRAIN,1,1
704,-0.05263157894736842,0.004174869517543867,TRAIN,0,1
705,-0.15789473684210525,-0.017072273899033312,TRAIN,0,0
706,0.05263157894736842,0.009563233082706773,TRAIN,1,1
707,0.15789473684210525,0.022542423200859283,TRAIN,1,1
708,-0.15789473684210525,0.010325247807017537,TRAIN,0,1
709,-0.05263157894736842,0.0006240866228070372,TRAIN,0,1
710,0.05263157894736842,0.02517287755102042,TEST,1,1
711,-0.05263157894736842,-0.01229112889366273,TRAIN,0,0
712,-0.2631578947368421,0.0012066206140350921,TRAIN,0,1
713,0.05263157894736842,0.01800025877192983,TRAIN,1,1
714,0.05263157894736842,-0.062452123523093435,TRAIN,1,0
715,0.05263157894736842,0.023139949516648765,TRAIN,1,1
716,0.15789473684210525,0.038937624060150354,TRAIN,1,1
718,0.2631578947368421,0.01887000537056929,TRAIN,1,1
719,0.2631578947368421,0.014011189044038664,TRAIN,1,1
720,-0.05263157894736842,0.0031881074113856143,TEST,0,1
721,0.05263157894736842,0.02217089366272826,TRAIN,1,1
722,0.05263157894736842,-0.006341299342105279,TRAIN,1,0
723,0.15789473684210525,0.020552995703544585,TRAIN,1,1
724,0.3684210526315789,0.02216538990332974,TRAIN,1,1
725,0.05263157894736842,0.024530196562835668,TRAIN,1,1
726,0.05263157894736842,-0.051069153598281444,TRAIN,1,0
727,0.2631578947368421,0.026697575725026852,TRAIN,1,1
728,-0.05263157894736842,0.003292337271750799,TRAIN,0,1
729,0.05263157894736842,0.010466964912280713,TRAIN,1,1
730,-0.05263157894736842,-0.025396313641245966,TEST,0,0
731,0.15789473684210525,0.02989122039473683,TRAIN,1,1
732,-0.05263157894736842,0.0061227099892588776,TRAIN,0,1
733,0.3684210526315789,0.019548559210526312,TRAIN,1,1
734,0.05263157894736842,0.018365380456956418,TRAIN,1,1
735,-0.05263157894736842,0.015382179377013963,TRAIN,0,1
736,0.3684210526315789,0.0907888539205156,TRAIN,1,1
737,0.15789473684210525,0.02780865350877193,TRAIN,1,1
738,0.2631578947368421,0.08086863048245616,TRAIN,1,1
739,0.15789473684210525,0.02764860855263159,TRAIN,1,1
740,-0.05263157894736842,0.0195737357679914,TEST,0,1
741,0.2631578947368421,0.014992746509129962,TRAIN,1,1
742,0.2631578947368421,0.018601230263157905,TRAIN,1,1
743,-0.2631578947368421,0.008377227712137494,TRAIN,0,1
744,0.47368421052631576,0.015025287637698906,TRAIN,1,1
745,0.05263157894736842,0.012720884868421068,TRAIN,1,1
746,0.15789473684210525,0.014889680988184755,TRAIN,1,1
747,0.15789473684210525,0.00041483476132192206,TRAIN,1,1
748,-0.15789473684210525,-0.008378975928192572,TRAIN,0,0
749,0.05263157894736842,0.010039368421052651,TRAIN,1,1
750,0.15789473684210525,0.007787184747583255,TEST,1,1
751,-0.05263157894736842,0.001315100966702486,TRAIN,0,1
752,0.05263157894736842,0.02668863925438595,TRAIN,1,1
753,-0.15789473684210525,-0.0044092964554242695,TRAIN,0,0
754,0.05263157894736842,-0.023429258861439282,TRAIN,1,0
755,0.3684210526315789,0.04838133190118154,TRAIN,1,1
756,0.05263157894736842,-0.0005110429645542402,TRAIN,1,0
757,0.2631578947368421,0.02101738372093023,TRAIN,1,1
758,0.3684210526315789,0.03271764912280704,TRAIN,1,1
759,0.05263157894736842,0.019754968850698173,TRAIN,1,1
760,0.05263157894736842,0.010999371643394215,TEST,1,1
761,0.05263157894736842,0.038126191350469185,TRAIN,1,1
762,0.05263157894736842,0.01068540494092375,TRAIN,1,1
763,0.15789473684210525,0.00362127631578948,TRAIN,1,1
764,0.05263157894736842,0.0299129243421053,TRAIN,1,1
765,-0.05263157894736842,0.05908473254564985,TRAIN,0,1
766,-0.05263157894736842,0.01988438486842104,TRAIN,0,1
769,0.05263157894736842,0.01034314912280703,TRAIN,1,1
770,0.2631578947368421,0.01327395144838841,TEST,1,1
771,0.05263157894736842,-0.04287974543501612,TRAIN,1,0
772,0.15789473684210525,0.0040929044038668224,TRAIN,1,1
773,0.15789473684210525,0.019657983888292138,TRAIN,1,1
774,-0.05263157894736842,0.006086856385148913,TRAIN,0,1
775,0.2631578947368421,0.02796211278195487,TRAIN,1,1
776,0.15789473684210525,0.03353151987110638,TRAIN,1,1
777,0.15789473684210525,0.016513709989258836,TRAIN,1,1
778,0.2631578947368421,0.037448184210526314,TRAIN,1,1
779,0.15789473684210525,0.024868849780701766,TRAIN,1,1
780,0.05263157894736842,0.030000383516931864,TEST,1,1
781,0.05263157894736842,0.019125980665950573,TRAIN,1,1
782,-0.05263157894736842,0.018390961331901184,TRAIN,0,1
783,0.15789473684210525,0.057665537056928035,TRAIN,1,1
784,0.05263157894736842,0.029614096670247052,TRAIN,1,1
785,0.05263157894736842,0.017121860902255648,TRAIN,1,1
787,0.3684210526315789,0.04821348227712136,TRAIN,1,1
788,0.15789473684210525,0.028604448979591843,TRAIN,1,1
789,0.3684210526315789,0.025833109559613317,TRAIN,1,1
790,0.05263157894736842,0.008369945220193345,TEST,1,1
792,0.2631578947368421,0.07170294862155388,TRAIN,1,1
793,0.3684210526315789,0.03951852083333335,TRAIN,1,1
794,0.3684210526315789,0.020074005370569276,TRAIN,1,1
795,0.15789473684210525,0.04600083231334149,TRAIN,1,1
796,0.3684210526315789,0.027845973684210535,TRAIN,1,1
797,0.05263157894736842,0.00652564055487556,TRAIN,1,1
798,0.2631578947368421,0.07153120193340494,TRAIN,1,1
799,0.5789473684210527,0.09918003437164338,TRAIN,1,1
800,0.2631578947368421,0.05350224436090225,TEST,1,1
805,0.2631578947368421,0.036077360902255634,TRAIN,1,1
806,0.15789473684210525,0.032556364035087715,TRAIN,1,1
807,0.2631578947368421,0.06681004833512354,TRAIN,1,1
810,0.15789473684210525,0.024503369517543862,TEST,1,1
811,0.15789473684210525,0.028060746509129948,TRAIN,1,1
813,0.3684210526315789,0.039793790547798066,TRAIN,1,1
875,0.15789473684210525,0.01274727356181149,TRAIN,1,1
876,0.05263157894736842,0.0047011428571428595,TRAIN,1,1
877,0.05263157894736842,0.021365090779273777,TRAIN,1,1
878,0.05263157894736842,0.006199196562835653,TRAIN,1,1
879,0.15789473684210525,0.039921423908608734,TRAIN,1,1
881,0.05263157894736842,-0.005307577873254567,TRAIN,1,0
882,0.15789473684210525,0.015884530803753558,TRAIN,1,1
883,-0.15789473684210525,0.010122084863321107,TRAIN,0,1
884,0.15789473684210525,0.0028796896929824504,TRAIN,1,1
885,0.15789473684210525,0.01726400958792328,TRAIN,1,1
886,0.05263157894736842,0.016007203947368456,TRAIN,1,1
887,0.05263157894736842,0.014170619135046914,TRAIN,1,1
888,-0.2631578947368421,0.013864330827067652,TRAIN,0,1
889,0.15789473684210525,0.012943692803437165,TRAIN,1,1
890,0.15789473684210525,0.009658670247046183,TEST,1,1
891,-0.05263157894736842,0.033436529538131005,TRAIN,0,1
892,-0.05263157894736842,0.018909195488721824,TRAIN,0,1
893,0.15789473684210525,0.016226240601503766,TRAIN,1,1
894,-0.05263157894736842,0.03339433404940925,TRAIN,0,1
895,-0.05263157894736842,0.01446620837808802,TRAIN,0,1
896,0.15789473684210525,0.02285887003222342,TRAIN,1,1
897,0.15789473684210525,0.02346277765843178,TRAIN,1,1
898,0.3684210526315789,0.009336744360902248,TRAIN,1,1
899,-0.15789473684210525,0.0033882894736842325,TRAIN,0,1
900,-0.15789473684210525,-0.01786532438238453,TEST,0,0
901,0.15789473684210525,0.017464827067669175,TRAIN,1,1
902,0.2631578947368421,0.00547090547798067,TRAIN,1,1
903,0.05263157894736842,0.005626108731130149,TRAIN,1,1
904,-0.2631578947368421,-0.005587989258861445,TRAIN,0,0
905,0.05263157894736842,0.02795018474758322,TRAIN,1,1
906,-0.15789473684210525,-0.00614598603651987,TRAIN,0,0
907,-0.05263157894736842,0.0016210161117078286,TRAIN,0,1
908,-0.05263157894736842,0.006079583243823838,TRAIN,0,1
909,0.05263157894736842,0.0003424382384532868,TRAIN,1,1
910,-0.2631578947368421,0.006766964554242726,TEST,0,1
911,0.2631578947368421,0.005959120300751876,TRAIN,1,1
912,0.05263157894736842,0.013096119226638009,TRAIN,1,1
913,0.05263157894736842,0.014277911922663806,TRAIN,1,1
914,0.15789473684210525,0.08889467360261118,TRAIN,1,1
915,0.15789473684210525,0.027907136412459736,TRAIN,1,1
916,0.15789473684210525,0.04371081497348019,TRAIN,1,1
917,0.05263157894736842,0.012239610096670253,TRAIN,1,1
918,-0.05263157894736842,0.008157390977443618,TRAIN,0,1
919,0.15789473684210525,0.05192477121374864,TRAIN,1,1
920,0.15789473684210525,0.005519671562627525,TEST,1,1
921,0.05263157894736842,0.01642329763361894,TRAIN,1,1
922,0.15789473684210525,0.036418574650913006,TRAIN,1,1
923,0.2631578947368421,0.02903872705018363,TRAIN,1,1
924,-0.15789473684210525,0.01624929538131042,TRAIN,0,1
925,0.05263157894736842,0.015650068743286793,TRAIN,1,1
927,-0.15789473684210525,0.055805322317421455,TRAIN,0,1
928,0.15789473684210525,-0.0008429906160750736,TRAIN,1,0
929,0.15789473684210525,0.036166540279269584,TRAIN,1,1
930,-0.05263157894736842,0.015233628356605782,TEST,0,1
931,0.15789473684210525,-0.007201452201933373,TRAIN,1,0
932,0.05263157894736842,0.008952804977560177,TRAIN,1,1
933,-0.15789473684210525,0.01534852953813104,TRAIN,0,1
934,0.15789473684210525,0.027983881847475835,TRAIN,1,1
935,-0.05263157894736842,0.01293691514500532,TRAIN,0,1
936,0.05263157894736842,0.02747147490820073,TRAIN,1,1
937,-0.15789473684210525,0.028361650219298262,TRAIN,0,1
938,-0.05263157894736842,0.010955372807017562,TRAIN,0,1
939,-0.05263157894736842,0.006480098939208481,TRAIN,0,1
940,0.15789473684210525,0.02057327389903329,TEST,1,1
941,0.15789473684210525,0.0006190107411385704,TRAIN,1,1
942,-0.05263157894736842,0.019853788249694,TRAIN,0,1
943,0.05263157894736842,0.025133944146079484,TRAIN,1,1
944,-0.05263157894736842,0.03574535123523092,TRAIN,0,1
945,0.15789473684210525,0.04753054457572502,TRAIN,1,1
946,0.05263157894736842,0.019932890440386666,TRAIN,1,1
947,0.05263157894736842,0.014427895810955955,TRAIN,1,1
948,-0.05263157894736842,0.05492503544575724,TRAIN,0,1
949,0.15789473684210525,0.013867847817217463,TRAIN,1,1
950,-0.05263157894736842,0.02671515574650915,TEST,0,1
951,0.15789473684210525,0.008282925336597306,TRAIN,1,1
952,0.05263157894736842,0.023511995104039136,TRAIN,1,1
953,0.05263157894736842,0.04914364876476907,TRAIN,1,1
954,0.15789473684210525,0.015112108485499464,TRAIN,1,1
955,-0.15789473684210525,0.04085902040816327,TRAIN,0,1
956,0.15789473684210525,0.025564856181150564,TRAIN,1,1
957,0.2631578947368421,0.020727977443609033,TRAIN,1,1
958,0.15789473684210525,0.04320625050999592,TRAIN,1,1
959,0.15789473684210525,0.020021689106487137,TRAIN,1,1
960,-0.05263157894736842,0.03290437271750805,TEST,0,1
961,0.05263157894736842,0.03139698286413708,TRAIN,1,1
963,-0.05263157894736842,0.023629085067319464,TRAIN,0,1
964,0.15789473684210525,0.030286827850877183,TRAIN,1,1
965,-0.2631578947368421,0.005822928034371648,TRAIN,0,1
966,0.15789473684210525,0.01763671213748658,TRAIN,1,1
967,-0.05263157894736842,0.03225681847475831,TRAIN,0,1
968,-0.05263157894736842,0.011910690655209439,TRAIN,0,1
969,0.15789473684210525,0.007342073643410861,TRAIN,1,1
970,-0.2631578947368421,-0.01975475939849624,TEST,0,0
971,0.2631578947368421,0.04821786143931257,TRAIN,1,1
972,-0.2631578947368421,0.008607157282741763,TRAIN,0,1
973,0.2631578947368421,0.019652976973684212,TRAIN,1,1
974,0.05263157894736842,0.04485920085929109,TRAIN,1,1
976,0.05263157894736842,0.024233745435016118,TRAIN,1,1
977,0.05263157894736842,0.02057899326805385,TRAIN,1,1
978,0.15789473684210525,0.010930852713178302,TRAIN,1,1
979,0.05263157894736842,0.02567711707841031,TRAIN,1,1
980,-0.15789473684210525,0.011311722766217894,TEST,0,1
981,0.05263157894736842,0.02655741245972073,TRAIN,1,1
982,-0.05263157894736842,0.02052324382384531,TRAIN,0,1
983,0.2631578947368421,-0.014706514500537055,TRAIN,1,0
984,0.15789473684210525,0.018155235230934475,TRAIN,1,1
985,0.05263157894736842,0.018409249194414615,TRAIN,1,1
986,-0.15789473684210525,0.016484730397422136,TRAIN,0,1
987,0.05263157894736842,0.027996003222341578,TRAIN,1,1
988,0.15789473684210525,0.042241604726100966,TRAIN,1,1
989,0.05263157894736842,0.005504348012889372,TRAIN,1,1
990,0.15789473684210525,0.02350040923737916,TEST,1,1
991,-0.15789473684210525,0.021102324382384532,TRAIN,0,1
992,0.05263157894736842,0.02465849232456141,TRAIN,1,1
993,0.15789473684210525,0.0070167046186895635,TRAIN,1,1
994,-0.05263157894736842,0.02355255961331899,TRAIN,0,1
995,0.15789473684210525,0.017265866228070165,TRAIN,1,1
996,0.15789473684210525,0.030501345864661654,TRAIN,1,1
997,0.05263157894736842,0.0037319763694951824,TRAIN,1,1
998,-0.15789473684210525,-0.0007997056928034505,TRAIN,0,0
999,0.2631578947368421,0.021953982048143608,TRAIN,1,1
1000,-0.15789473684210525,0.00910925778732546,TEST,0,1
1001,-0.05263157894736842,0.015421597207303961,TRAIN,0,1
1002,0.05263157894736842,0.009847319011815254,TRAIN,1,1
1003,0.05263157894736842,0.015796588614393123,TRAIN,1,1
1004,0.05263157894736842,0.017091775510204105,TRAIN,1,1
1005,-0.15789473684210525,0.029985727175080534,TRAIN,0,1
1006,0.05263157894736842,0.019232791621911927,TRAIN,1,1
1007,-0.15789473684210525,0.005985403866809867,TRAIN,0,1
1008,-0.15789473684210525,-0.0012841503759398567,TRAIN,0,0
1009,0.05263157894736842,0.011441398496240613,TRAIN,1,1
1010,0.05263157894736842,-0.007380767991407089,TEST,1,0
1011,-0.05263157894736842,0.0269663566058002,TRAIN,0,1
1012,0.05263157894736842,-0.007754092373791637,TRAIN,1,0
1013,0.05263157894736842,0.02224271213748656,TRAIN,1,1
1014,0.05263157894736842,0.0121164522019334,TRAIN,1,1
1015,0.2631578947368421,0.014250828141783023,TRAIN,1,1
1016,0.05263157894736842,0.007494340494092343,TRAIN,1,1
1017,-0.05263157894736842,-0.009215280343716437,TRAIN,0,0
1018,-0.15789473684210525,0.0071635306122448976,TRAIN,0,1
1019,0.15789473684210525,0.028833923737916232,TRAIN,1,1
1020,0.15789473684210525,0.020909421052631588,TEST,1,1
1021,-0.05263157894736842,-0.0165059484425349,TRAIN,0,0
1022,-0.15789473684210525,0.018402982814178303,TRAIN,0,1
1023,0.15789473684210525,0.00575250268528464,TRAIN,1,1
1024,0.05263157894736842,0.005798054779806695,TRAIN,1,1
1025,0.05263157894736842,0.01733858431793771,TRAIN,1,1
1026,-0.05263157894736842,0.027887741138560695,TRAIN,0,1
1027,0.05263157894736842,0.02116835123523094,TRAIN,1,1
1028,0.15789473684210525,0.02873623415682059,TRAIN,1,1
1029,-0.15789473684210525,0.0056298399570354355,TRAIN,0,1
1030,-0.15789473684210525,0.0009137627498980026,TEST,0,1
1031,-0.15789473684210525,-0.005610387755102037,TRAIN,0,0
1032,-0.15789473684210525,-0.008321125671321138,TRAIN,0,0
1033,-0.05263157894736842,0.007748600429645542,TRAIN,0,1
1034,-0.05263157894736842,0.01758958216970999,TRAIN,0,1
1035,-0.05263157894736842,0.005986061224489805,TRAIN,0,1
1036,0.05263157894736842,0.03922758216970995,TRAIN,1,1
1037,-0.05263157894736842,0.005076702470461869,TRAIN,0,1
1038,-0.05263157894736842,0.06329869172932331,TRAIN,0,1
1039,-0.05263157894736842,0.022173161117078413,TRAIN,0,1
1040,-0.05263157894736842,0.0441742126745435,TEST,0,1
1041,0.05263157894736842,0.01546333512352309,TRAIN,1,1
1042,-0.05263157894736842,0.020843474758324376,TRAIN,0,1
1043,0.05263157894736842,0.024011967776584313,TRAIN,1,1
1044,0.05263157894736842,0.005714642543859648,TRAIN,1,1
1045,-0.05263157894736842,0.031068813104189057,TRAIN,0,1
1046,-0.05263157894736842,0.019304475832438234,TRAIN,0,1
1047,0.15789473684210525,0.029380680988184738,TRAIN,1,1
1048,0.05263157894736842,0.028784718582169713,TRAIN,1,1
1049,-0.15789473684210525,0.019501563909774422,TRAIN,0,1
1050,-0.05263157894736842,0.08614061117078411,TEST,0,1
1051,-0.05263157894736842,0.01977910848549944,TRAIN,0,1
1052,-0.05263157894736842,0.01705284539473683,TRAIN,0,1
1053,0.05263157894736842,0.012755234156820637,TRAIN,1,1
1054,-0.15789473684210525,-0.019273508055853927,TRAIN,0,0
1055,0.15789473684210525,0.01681890332975294,TRAIN,1,1
1056,0.05263157894736842,0.015419836734693885,TRAIN,1,1
